{
  "run_id": "baseline_climatology",
  "timestamp": "2026-05-27T22:36:43.690850+00:00",
  "config": {
    "method": "climatology_by_month_hour",
    "train_period": "2010-2019",
    "n_bins_per_station": 288,
    "bin_fallback": "station_training_mean",
    "station_fallback": "nan"
  },
  "per_mask_results": {
    "mcar_r10_s0": {
      "mae": 2.0179984994698805,
      "rmse": 2.544723279954942,
      "mmape": 36.43414082623261,
      "r2": 0.14676806879284487,
      "n_cells": 22671,
      "n_nan_predictions": 0
    },
    "mcar_r10_s1": {
      "mae": 2.002577890832441,
      "rmse": 2.532058893836557,
      "mmape": 36.098972195080236,
      "r2": 0.14414960705000834,
      "n_cells": 22959,
      "n_nan_predictions": 0
    },
    "mcar_r10_s2": {
      "mae": 2.0110563475964294,
      "rmse": 2.5470770322775724,
      "mmape": 36.25005123394631,
      "r2": 0.1502619009104338,
      "n_cells": 22629,
      "n_nan_predictions": 0
    },
    "mcar_r25_s0": {
      "mae": 2.0137922438937954,
      "rmse": 2.5421344281643705,
      "mmape": 36.31750533504166,
      "r2": 0.14688344053124158,
      "n_cells": 56621,
      "n_nan_predictions": 0
    },
    "mcar_r25_s1": {
      "mae": 2.0131518955009393,
      "rmse": 2.5461440933718027,
      "mmape": 36.31206784833421,
      "r2": 0.14475306399156584,
      "n_cells": 57052,
      "n_nan_predictions": 0
    },
    "mcar_r25_s2": {
      "mae": 2.011795831447072,
      "rmse": 2.5390026861746016,
      "mmape": 36.20798666162615,
      "r2": 0.14793856781167258,
      "n_cells": 56701,
      "n_nan_predictions": 0
    },
    "mcar_r50_s0": {
      "mae": 2.0082546019987797,
      "rmse": 2.532292954125135,
      "mmape": 36.16532491359853,
      "r2": 0.14907523540514422,
      "n_cells": 113604,
      "n_nan_predictions": 0
    },
    "mcar_r50_s1": {
      "mae": 2.0059505785389753,
      "rmse": 2.531852335095745,
      "mmape": 36.16471670320336,
      "r2": 0.14886537227674979,
      "n_cells": 113573,
      "n_nan_predictions": 0
    },
    "mcar_r50_s2": {
      "mae": 2.0082230513641943,
      "rmse": 2.5310298001731946,
      "mmape": 36.20038088652828,
      "r2": 0.1499385807999628,
      "n_cells": 113273,
      "n_nan_predictions": 0
    },
    "blockmcar_r25_s0": {
      "mae": 1.9534297135082854,
      "rmse": 2.446140889666189,
      "mmape": 35.73877621867967,
      "r2": 0.16294210950423804,
      "n_cells": 57303,
      "n_nan_predictions": 0
    },
    "blockmcar_r25_s1": {
      "mae": 2.0513447993694327,
      "rmse": 2.5976304320122714,
      "mmape": 37.36056679894827,
      "r2": 0.13564132974463072,
      "n_cells": 57212,
      "n_nan_predictions": 0
    },
    "blockmcar_r25_s2": {
      "mae": 2.047398398907471,
      "rmse": 2.5966013233979903,
      "mmape": 36.64346141913548,
      "r2": 0.14176167900326142,
      "n_cells": 57361,
      "n_nan_predictions": 0
    },
    "mnar_r25_s0": {
      "mae": 2.1972410693022058,
      "rmse": 2.8131378011197214,
      "mmape": 36.29141968411122,
      "r2": 0.10357266079190075,
      "n_cells": 48050,
      "n_nan_predictions": 0
    },
    "mnar_r25_s1": {
      "mae": 2.194882840519262,
      "rmse": 2.8134798595796604,
      "mmape": 36.18009204832755,
      "r2": 0.106136628651609,
      "n_cells": 48092,
      "n_nan_predictions": 0
    },
    "mnar_r25_s2": {
      "mae": 2.191297237614441,
      "rmse": 2.8029794607976606,
      "mmape": 36.0885244398609,
      "r2": 0.10662646484075444,
      "n_cells": 48328,
      "n_nan_predictions": 0
    }
  },
  "aggregated": {
    "mcar": {
      "mae_mean": 2.0103112156269454,
      "mae_std": 0.004602312141771142,
      "rmse_mean": 2.5384795003526577,
      "rmse_std": 0.006747179412079053,
      "mmape_mean": 36.239016289287925,
      "mmape_std": 0.1016803467422096,
      "r2_mean": 0.14762598195218044,
      "r2_std": 0.0021695776913954576,
      "n_masks": 9
    },
    "blockmcar": {
      "mae_mean": 2.0173909705950632,
      "mae_std": 0.05542720744582198,
      "rmse_mean": 2.54679088169215,
      "rmse_std": 0.08716696872815155,
      "mmape_mean": 36.580934812254476,
      "mmape_std": 0.8127012698329141,
      "r2_mean": 0.1467817060840434,
      "r2_std": 0.014325978074445196,
      "n_masks": 3
    },
    "mnar": {
      "mae_mean": 2.1944737158119696,
      "mae_std": 0.0029929619196887073,
      "rmse_mean": 2.809865707165681,
      "rmse_std": 0.005966116222326531,
      "mmape_mean": 36.18667872409989,
      "mmape_std": 0.1016078651392046,
      "r2_mean": 0.10544525142808807,
      "r2_std": 0.0016401011069752496,
      "n_masks": 3
    }
  }
}