{
  "run_id": "baseline_locf",
  "timestamp": "2026-05-27T22:36:42.993589+00:00",
  "config": {
    "method": "last_observation_carried_forward",
    "library": "pandas",
    "fill_strategy": "ffill_then_bfill"
  },
  "per_mask_results": {
    "mcar_r10_s0": {
      "mae": 0.5979165012571126,
      "rmse": 0.8788548673258727,
      "mmape": 10.795138854093619,
      "r2": 0.898229877125921,
      "n_cells": 22671,
      "n_nan_predictions": 0
    },
    "mcar_r10_s1": {
      "mae": 0.6086334335119125,
      "rmse": 0.9051694244952989,
      "mmape": 10.971379187757693,
      "r2": 0.8906270313894777,
      "n_cells": 22959,
      "n_nan_predictions": 0
    },
    "mcar_r10_s2": {
      "mae": 0.6130784244406146,
      "rmse": 0.9297971922301549,
      "mmape": 11.05097046284215,
      "r2": 0.8867658583929434,
      "n_cells": 22629,
      "n_nan_predictions": 0
    },
    "mcar_r25_s0": {
      "mae": 0.6595526983510241,
      "rmse": 0.9748414975271709,
      "mmape": 11.894627518670545,
      "r2": 0.8745474874916326,
      "n_cells": 56621,
      "n_nan_predictions": 0
    },
    "mcar_r25_s1": {
      "mae": 0.6691098763700952,
      "rmse": 0.9971752106904935,
      "mmape": 12.069016393169662,
      "r2": 0.868819730651467,
      "n_cells": 57052,
      "n_nan_predictions": 0
    },
    "mcar_r25_s2": {
      "mae": 0.669997178180279,
      "rmse": 1.0080129104871136,
      "mmape": 12.05850440272022,
      "r2": 0.8656997638986105,
      "n_cells": 56701,
      "n_nan_predictions": 0
    },
    "mcar_r50_s0": {
      "mae": 0.8143571382463058,
      "rmse": 1.20379746854299,
      "mmape": 14.665217483417386,
      "r2": 0.8077040571449545,
      "n_cells": 113604,
      "n_nan_predictions": 0
    },
    "mcar_r50_s1": {
      "mae": 0.8179083203460916,
      "rmse": 1.2153734201896527,
      "mmape": 14.745838213049764,
      "r2": 0.80387137541661,
      "n_cells": 113573,
      "n_nan_predictions": 0
    },
    "mcar_r50_s2": {
      "mae": 0.8123995273954665,
      "rmse": 1.2032066820427638,
      "mmape": 14.644375436171636,
      "r2": 0.8078960658731582,
      "n_cells": 113273,
      "n_nan_predictions": 0
    },
    "blockmcar_r25_s0": {
      "mae": 2.3339079978360644,
      "rmse": 3.0909507167394312,
      "mmape": 42.699778278608655,
      "r2": -0.33652387456643007,
      "n_cells": 57303,
      "n_nan_predictions": 0
    },
    "blockmcar_r25_s1": {
      "mae": 2.403255698105293,
      "rmse": 3.1786393901437373,
      "mmape": 43.76982117858279,
      "r2": -0.29426076968116455,
      "n_cells": 57212,
      "n_nan_predictions": 0
    },
    "blockmcar_r25_s2": {
      "mae": 2.343660907817739,
      "rmse": 3.0977223319836167,
      "mmape": 41.94584117140191,
      "r2": -0.22146865677568672,
      "n_cells": 57361,
      "n_nan_predictions": 0
    },
    "mnar_r25_s0": {
      "mae": 1.0189946583420049,
      "rmse": 1.5752985681802851,
      "mmape": 16.830544139383612,
      "r2": 0.7189013003210483,
      "n_cells": 48050,
      "n_nan_predictions": 0
    },
    "mnar_r25_s1": {
      "mae": 1.0188416299315202,
      "rmse": 1.5941531626233765,
      "mmape": 16.794419853804026,
      "r2": 0.7130253002435392,
      "n_cells": 48092,
      "n_nan_predictions": 0
    },
    "mnar_r25_s2": {
      "mae": 1.0182191483198146,
      "rmse": 1.5623922295228976,
      "mmape": 16.769074495469905,
      "r2": 0.7224294455884666,
      "n_cells": 48328,
      "n_nan_predictions": 0
    }
  },
  "aggregated": {
    "mcar": {
      "mae_mean": 0.6958836775665448,
      "mae_std": 0.09305622466478071,
      "rmse_mean": 1.035136519281279,
      "rmse_std": 0.13574030854284905,
      "mmape_mean": 12.543896439099187,
      "mmape_std": 1.6734328770367224,
      "r2_mean": 0.856017916376086,
      "r2_std": 0.038560422164790116,
      "n_masks": 9
    },
    "blockmcar": {
      "mae_mean": 2.3602748679196988,
      "mae_std": 0.03754055987674955,
      "rmse_mean": 3.1224374796222616,
      "rmse_std": 0.048789904211340496,
      "mmape_mean": 42.805146876197774,
      "mmape_std": 0.9165438738365527,
      "r2_mean": -0.2840844336744271,
      "r2_std": 0.058198746946221805,
      "n_masks": 3
    },
    "mnar": {
      "mae_mean": 1.0186851455311132,
      "mae_std": 0.00041075476175865875,
      "rmse_mean": 1.5772813201088531,
      "rmse_std": 0.015973030293621616,
      "mmape_mean": 16.798012829552516,
      "mmape_std": 0.030891930771099477,
      "r2_mean": 0.7181186820510179,
      "r2_std": 0.00475066899863259,
      "n_masks": 3
    }
  }
}