{
  "run_id": "baseline_linear",
  "timestamp": "2026-05-27T22:07:40.694524+00:00",
  "config": {
    "method": "linear_interpolation",
    "library": "pandas",
    "limit_direction": "both"
  },
  "per_mask_results": {
    "mcar_r10_s0": {
      "mae": 0.38672553657309233,
      "rmse": 0.5915016836134186,
      "mmape": 6.982172020596547,
      "r2": 0.953900316418972,
      "n_cells": 22671,
      "n_nan_predictions": 0
    },
    "mcar_r10_s1": {
      "mae": 0.38795710127075367,
      "rmse": 0.5983658026455266,
      "mmape": 6.993412179256238,
      "r2": 0.9522048555040996,
      "n_cells": 22959,
      "n_nan_predictions": 0
    },
    "mcar_r10_s2": {
      "mae": 0.3862362998013309,
      "rmse": 0.5939792305634014,
      "mmape": 6.962055375992763,
      "r2": 0.9537892039119615,
      "n_cells": 22629,
      "n_nan_predictions": 0
    },
    "mcar_r25_s0": {
      "mae": 0.42046984487125166,
      "rmse": 0.6375380486638258,
      "mmape": 7.582915209172472,
      "r2": 0.9463433487005473,
      "n_cells": 56621,
      "n_nan_predictions": 0
    },
    "mcar_r25_s1": {
      "mae": 0.4261159002675473,
      "rmse": 0.6505149683049182,
      "mmape": 7.686031797376598,
      "r2": 0.9441735310654039,
      "n_cells": 57052,
      "n_nan_predictions": 0
    },
    "mcar_r25_s2": {
      "mae": 0.4236099406681359,
      "rmse": 0.6488045616034449,
      "mmape": 7.624065445255218,
      "r2": 0.944361889026129,
      "n_cells": 56701,
      "n_nan_predictions": 0
    },
    "mcar_r50_s0": {
      "mae": 0.5152004549033707,
      "rmse": 0.777502761732009,
      "mmape": 9.277903224356955,
      "r2": 0.9197828642990775,
      "n_cells": 113604,
      "n_nan_predictions": 0
    },
    "mcar_r50_s1": {
      "mae": 0.5227298372065118,
      "rmse": 0.7905056453524069,
      "mmape": 9.424148669033523,
      "r2": 0.9170280177498078,
      "n_cells": 113573,
      "n_nan_predictions": 0
    },
    "mcar_r50_s2": {
      "mae": 0.5176091233774301,
      "rmse": 0.783502466224083,
      "mmape": 9.330461277135734,
      "r2": 0.918541478287807,
      "n_cells": 113273,
      "n_nan_predictions": 0
    },
    "blockmcar_r25_s0": {
      "mae": 1.894356560685505,
      "rmse": 2.514912511313424,
      "mmape": 34.6580093118051,
      "r2": 0.11521383575682587,
      "n_cells": 57303,
      "n_nan_predictions": 0
    },
    "blockmcar_r25_s1": {
      "mae": 1.8577111982712364,
      "rmse": 2.494104835497599,
      "mmape": 33.833972395816325,
      "r2": 0.2031644997188341,
      "n_cells": 57212,
      "n_nan_predictions": 0
    },
    "blockmcar_r25_s2": {
      "mae": 1.9178301283564865,
      "rmse": 2.561509853122273,
      "mmape": 34.32450389449707,
      "r2": 0.16480205793510905,
      "n_cells": 57361,
      "n_nan_predictions": 0
    },
    "mnar_r25_s0": {
      "mae": 0.631746833506685,
      "rmse": 0.9687267266496054,
      "mmape": 10.434444262495301,
      "r2": 0.8936994176351072,
      "n_cells": 48050,
      "n_nan_predictions": 0
    },
    "mnar_r25_s1": {
      "mae": 0.6273774521569694,
      "rmse": 0.9537079836282588,
      "mmape": 10.341587964993327,
      "r2": 0.8972896151789583,
      "n_cells": 48092,
      "n_nan_predictions": 0
    },
    "mnar_r25_s2": {
      "mae": 0.6301225593820822,
      "rmse": 0.9607028185758612,
      "mmape": 10.377502875476683,
      "r2": 0.8950526729312408,
      "n_cells": 48328,
      "n_nan_predictions": 0
    }
  },
  "aggregated": {
    "mcar": {
      "mae_mean": 0.4429615598821583,
      "mae_std": 0.05886804027986887,
      "rmse_mean": 0.6746905743003372,
      "rmse_std": 0.08494008435418465,
      "mmape_mean": 7.984796133130672,
      "mmape_std": 1.0588712916155445,
      "r2_mean": 0.9389028338848673,
      "r2_std": 0.01579193103408985,
      "n_masks": 9
    },
    "blockmcar": {
      "mae_mean": 1.8899659624377427,
      "mae_std": 0.0302990008643641,
      "rmse_mean": 2.5235090666444315,
      "rmse_std": 0.03451499200224382,
      "mmape_mean": 34.27216186737283,
      "mmape_std": 0.41450449404159634,
      "r2_mean": 0.161060131136923,
      "r2_std": 0.04409457262477731,
      "n_masks": 3
    },
    "mnar": {
      "mae_mean": 0.6297489483485789,
      "mae_std": 0.002208520375291407,
      "rmse_mean": 0.9610458429512417,
      "rmse_std": 0.007515245157470931,
      "mmape_mean": 10.384511700988437,
      "mmape_std": 0.04682323913116707,
      "r2_mean": 0.8953472352484354,
      "r2_std": 0.001813133977399908,
      "n_masks": 3
    }
  }
}