{
  "run_id": "baseline_knn",
  "timestamp": "2026-05-27T23:28:13.907560+00:00",
  "config": {
    "method": "knn_inverse_distance",
    "k": 5,
    "weighting": "inverse_distance",
    "fallback_chain": "month_hour_climatology, station_mean, nan"
  },
  "per_mask_results": {
    "mcar_r10_s0": {
      "mae": 1.5508188806191612,
      "rmse": 2.0815845135824054,
      "mmape": 27.999403125077627,
      "r2": 0.42908155971360795,
      "n_cells": 22671,
      "n_nan_predictions": 0
    },
    "mcar_r10_s1": {
      "mae": 1.532207922832806,
      "rmse": 2.055360056439667,
      "mmape": 27.619964974461546,
      "r2": 0.4360688645773009,
      "n_cells": 22959,
      "n_nan_predictions": 0
    },
    "mcar_r10_s2": {
      "mae": 1.528579507273512,
      "rmse": 2.0517985319161536,
      "mmape": 27.55322371750117,
      "r2": 0.44859543036133165,
      "n_cells": 22629,
      "n_nan_predictions": 0
    },
    "mcar_r25_s0": {
      "mae": 1.6432548333906523,
      "rmse": 2.178771152778101,
      "mmape": 29.635090888574002,
      "r2": 0.3733362397681298,
      "n_cells": 56621,
      "n_nan_predictions": 0
    },
    "mcar_r25_s1": {
      "mae": 1.6315875115586367,
      "rmse": 2.1701147770109896,
      "mmape": 29.4296304976379,
      "r2": 0.37871484097031216,
      "n_cells": 57052,
      "n_nan_predictions": 0
    },
    "mcar_r25_s2": {
      "mae": 1.6353400467828236,
      "rmse": 2.167030335145222,
      "mmape": 29.432594339627638,
      "r2": 0.37931025684595665,
      "n_cells": 56701,
      "n_nan_predictions": 0
    },
    "mcar_r50_s0": {
      "mae": 1.8038449092963191,
      "rmse": 2.3399046849036846,
      "mmape": 32.48424635676831,
      "r2": 0.27345987570065655,
      "n_cells": 113604,
      "n_nan_predictions": 0
    },
    "mcar_r50_s1": {
      "mae": 1.8015011430992607,
      "rmse": 2.3342474629663728,
      "mmape": 32.47875554747417,
      "r2": 0.2765386988149807,
      "n_cells": 113573,
      "n_nan_predictions": 0
    },
    "mcar_r50_s2": {
      "mae": 1.8023281124011714,
      "rmse": 2.336299084638301,
      "mmape": 32.4889031161647,
      "r2": 0.2757097044091442,
      "n_cells": 113273,
      "n_nan_predictions": 0
    },
    "blockmcar_r25_s0": {
      "mae": 1.5966832520467158,
      "rmse": 2.092610828512817,
      "mmape": 29.21195732941289,
      "r2": 0.3874105734178168,
      "n_cells": 57303,
      "n_nan_predictions": 0
    },
    "blockmcar_r25_s1": {
      "mae": 1.644779818890682,
      "rmse": 2.1984674587951556,
      "mmape": 29.955912975778904,
      "r2": 0.3808735630210329,
      "n_cells": 57212,
      "n_nan_predictions": 0
    },
    "blockmcar_r25_s2": {
      "mae": 1.6776045971541553,
      "rmse": 2.2420987368543615,
      "mmape": 30.025050017224714,
      "r2": 0.3601077916452019,
      "n_cells": 57361,
      "n_nan_predictions": 0
    },
    "mnar_r25_s0": {
      "mae": 2.0194248260130787,
      "rmse": 2.660065907406197,
      "mmape": 33.35446205938089,
      "r2": 0.1984735207163516,
      "n_cells": 48050,
      "n_nan_predictions": 0
    },
    "mnar_r25_s1": {
      "mae": 2.0269992992486214,
      "rmse": 2.66589125298212,
      "mmape": 33.41272703711174,
      "r2": 0.19745687372216503,
      "n_cells": 48092,
      "n_nan_predictions": 0
    },
    "mnar_r25_s2": {
      "mae": 2.020936983828879,
      "rmse": 2.6537405600281265,
      "mmape": 33.28285751490541,
      "r2": 0.19922560730795336,
      "n_cells": 48328,
      "n_nan_predictions": 0
    }
  },
  "aggregated": {
    "mcar": {
      "mae_mean": 1.6588292074727047,
      "mae_std": 0.11628485893140664,
      "rmse_mean": 2.1905678443756553,
      "rmse_std": 0.11974444546283669,
      "mmape_mean": 29.902423618143004,
      "mmape_std": 2.087425308898055,
      "r2_mean": 0.36342394124015787,
      "r2_std": 0.07138206741901261,
      "n_masks": 9
    },
    "blockmcar": {
      "mae_mean": 1.6396892226971842,
      "mae_std": 0.04070014312878115,
      "rmse_mean": 2.177725674720778,
      "rmse_std": 0.07687213337760028,
      "mmape_mean": 29.730973440805503,
      "mmape_std": 0.45080846879667413,
      "r2_mean": 0.3761306426946838,
      "r2_std": 0.014255944130338385,
      "n_masks": 3
    },
    "mnar": {
      "mae_mean": 2.022453703030193,
      "mae_std": 0.004008551989274202,
      "rmse_mean": 2.6598992401388144,
      "rmse_std": 0.006077060827330003,
      "mmape_mean": 33.350015537132684,
      "mmape_std": 0.06504884218495571,
      "r2_mean": 0.19838533391549,
      "r2_std": 0.0008876583285581022,
      "n_masks": 3
    }
  }
}